{
  "cx": 325.2611,
  "cy": 242.04899,
  "depth_scale": 1.0,
  "fx": 572.4114,
  "fy": 573.57043,
  "height": 480,
  "width": 640
}

0.057357043

572.4114
573.57043
325.2611
242.04899

[[0.2807, 0.9587, 0.0450, -0.1449],
[0.9146, -0.2530, -0.3155, 0.1242],
[-0.2911, 0.1297, -0.9478, 0.9894],
[0.0000, 0.0000, 0.0000, 1.0000]]

[[0.2807, 0.9587, 0.0450, -0.1337],
[0.9146, -0.2530, -0.3155, 0.1285],
[-0.2911, 0.1297, -0.9478, 0.9894],
[0.0000, 0.0000, 0.0000, 1.0000]]

−0.0112
−0.0043
